Country Name,Country Code,Series Name,YR1960,YR1961,YR1962,YR1963,YR1964,YR1965,YR1966,YR1967,YR1968,YR1969,YR1970,YR1971,YR1972,YR1973,YR1974,YR1975,YR1976,YR1977,YR1978,YR1979,YR1980,YR1981,YR1982,YR1983,YR1984,YR1985,YR1986,YR1987,YR1988,YR1989,YR1990,YR1991,YR1992,YR1993,YR1994,YR1995,YR1996,YR1997,YR1998,YR1999,YR2000,YR2001,YR2002,YR2003,YR2004,YR2005,YR2006,YR2007,YR2008,YR2009,YR2010,YR2011,YR2012,YR2013,YR2014,YR2015,YR2016,YR2017,YR2018
Austria,AUT,"Life expectancy at birth, female (years)",71.9,72.8,72.5,72.7,73.2,73.0,73.4,73.4,73.5,73.3,73.5,73.7,74.1,74.6,74.7,74.7,75.1,75.5,75.7,76.0,76.1,76.5,76.7,76.7,77.3,77.4,77.8,78.2,78.7,78.8,79.0,79.1,79.3,79.5,79.8,80.1,80.2,80.7,81.0,81.0,81.2,81.7,81.7,81.5,82.1,82.2,82.8,83.1,83.3,83.2,83.5,83.8,83.6,83.8,84.0,83.7,84.1,84.0,84.0
Austria,AUT,"Life expectancy at birth, male (years)",65.4,66.5,66.3,66.4,66.8,66.6,66.9,66.6,66.8,66.6,66.5,66.7,67.0,67.6,67.5,67.7,68.2,68.5,68.5,68.8,69.0,69.3,69.4,69.5,70.1,70.4,71.0,71.5,71.9,71.9,72.3,72.3,72.5,72.8,73.2,73.4,73.7,74.1,74.5,74.9,75.2,75.6,75.8,75.9,76.4,76.6,77.1,77.4,77.7,77.6,77.8,78.3,78.4,78.6,79.1,78.8,79.3,79.4,79.4
Austria,AUT,"Life expectancy at birth, total (years)",68.6,69.6,69.3,69.4,69.9,69.7,70.0,69.9,70.1,69.8,69.9,70.1,70.5,71.0,71.0,71.1,71.6,71.9,72.0,72.3,72.5,72.8,73.0,73.0,73.6,73.8,74.3,74.8,75.2,75.3,75.6,75.6,75.8,76.1,76.4,76.7,76.9,77.3,77.7,77.9,78.1,78.6,78.7,78.6,79.2,79.3,79.9,80.2,80.4,80.3,80.6,81.0,80.9,81.1,81.5,81.2,81.6,81.6,81.6
Belgium,BEL,"Life expectancy at birth, female (years)",72.8,73.6,73.2,73.1,73.9,73.8,73.8,74.3,73.9,74.1,74.3,74.4,74.8,75.0,75.3,75.3,75.5,76.2,76.1,76.6,76.7,77.1,77.3,77.3,78.0,78.1,78.2,78.9,79.1,79.1,79.5,79.7,79.9,79.9,80.2,80.4,80.7,80.7,80.7,81.0,81.0,81.2,81.2,81.1,81.9,81.9,82.3,82.6,82.6,82.8,83.0,83.3,83.1,83.2,83.9,83.4,84.0,83.9,83.9
Belgium,BEL,"Life expectancy at birth, male (years)",66.8,67.6,67.4,67.1,67.8,67.6,67.8,67.9,67.6,67.6,67.9,67.9,68.2,68.5,68.8,68.8,68.9,69.5,69.4,69.9,69.9,70.3,70.6,70.6,71.0,71.1,71.4,72.0,72.2,72.3,72.7,72.9,73.0,73.0,73.4,73.5,73.9,74.2,74.4,74.4,74.6,74.9,75.1,75.3,76.0,76.2,76.6,77.1,76.9,77.4,77.5,78.0,77.8,78.1,78.8,78.7,79.0,79.2,79.4
Belgium,BEL,"Life expectancy at birth, total (years)",69.7,70.5,70.2,70.1,70.8,70.6,70.7,71.0,70.7,70.8,71.0,71.1,71.4,71.6,72.0,72.0,72.1,72.8,72.7,73.2,73.2,73.6,73.9,73.9,74.4,74.5,74.7,75.4,75.6,75.6,76.1,76.2,76.4,76.3,76.7,76.8,77.2,77.4,77.5,77.6,77.7,78.0,78.1,78.1,78.9,79.0,79.4,79.8,79.7,80.0,80.2,80.6,80.4,80.6,81.3,81.0,81.4,81.5,81.6
Canada,CAN,"Life expectancy at birth, female (years)",74.2,74.5,74.4,74.5,75.1,75.1,75.4,75.7,75.8,76.0,76.3,76.6,76.6,76.8,76.9,77.2,77.6,78.0,78.3,78.6,78.7,79.1,79.4,79.6,79.7,79.8,79.9,80.1,80.3,80.5,80.7,80.9,80.9,81.0,80.9,81.0,81.1,81.3,81.4,81.6,81.8,81.9,82.0,82.2,82.3,82.6,82.7,82.9,83.0,83.3,83.5,83.6,83.8,83.9,83.9,84.0,84.0,84.1,84.1
Canada,CAN,"Life expectancy at birth, male (years)",68.3,68.4,68.5,68.4,68.6,68.8,68.8,68.9,69.1,69.2,69.3,69.6,69.5,69.7,69.7,70.0,70.3,70.6,70.9,71.3,71.6,72.0,72.3,72.7,72.9,73.1,73.3,73.5,73.7,73.9,74.3,74.5,74.7,74.8,74.9,75.2,75.4,75.7,76.0,76.3,76.6,76.9,77.1,77.4,77.6,77.9,78.1,78.3,78.5,78.8,79.1,79.4,79.6,79.7,79.8,79.9,79.9,79.9,79.9
Canada,CAN,"Life expectancy at birth, total (years)",71.1,71.3,71.4,71.4,71.8,71.9,72.0,72.2,72.4,72.5,72.7,73.0,72.9,73.2,73.2,73.5,73.9,74.2,74.5,74.9,75.1,75.5,75.8,76.1,76.2,76.4,76.5,76.7,76.9,77.1,77.4,77.6,77.7,77.8,77.8,78.0,78.2,78.4,78.6,78.9,79.1,79.3,79.5,79.7,79.9,80.2,80.3,80.5,80.7,81.0,81.2,81.4,81.6,81.7,81.8,81.9,81.9,81.9,81.9
Croatia,HRV,"Life expectancy at birth, female (years)",67.2,67.8,68.3,68.8,69.3,69.7,70.2,70.7,71.1,71.5,71.9,72.3,72.7,73.0,73.3,73.5,73.8,74.1,74.2,74.1,74.2,74.2,74.4,74.3,74.3,74.8,75.2,75.2,75.3,75.6,75.9,76.0,75.8,76.0,76.3,76.5,76.8,76.9,76.2,76.6,76.7,78.2,78.4,78.2,79.1,78.8,79.3,79.3,79.6,79.6,79.6,79.9,80.1,80.2,80.5,80.4,81.3,80.9,81.4
Croatia,HRV,"Life expectancy at birth, male (years)",62.1,62.4,62.7,62.9,63.2,63.4,63.7,63.9,64.2,64.4,64.7,64.9,65.1,65.3,65.4,66.7,67.3,67.5,67.1,66.9,66.4,66.7,66.8,66.5,66.4,67.1,67.8,67.9,67.8,68.2,68.6,68.6,66.9,67.2,67.5,67.9,68.2,68.3,68.6,68.9,69.1,71.0,71.2,71.2,72.1,71.8,72.5,72.3,72.4,72.9,73.5,73.8,73.9,74.2,74.6,74.3,74.9,74.9,74.9
Croatia,HRV,"Life expectancy at birth, total (years)",64.6,65.0,65.4,65.8,66.2,66.5,66.9,67.2,67.5,67.9,68.2,68.5,68.8,69.0,69.3,70.0,70.5,70.7,70.5,70.4,70.2,70.3,70.5,70.3,70.2,70.9,71.4,71.5,71.5,71.8,72.2,72.2,71.2,71.5,71.8,72.1,72.4,72.5,72.3,72.6,72.8,74.5,74.7,74.6,75.5,75.2,75.8,75.7,75.9,76.2,76.5,76.8,76.9,77.1,77.5,77.3,78.0,77.8,78.1
Czech Republic,CZE,"Life expectancy at birth, female (years)",73.3,73.6,72.9,73.5,73.6,73.4,73.8,73.7,73.4,73.1,73.0,73.4,73.7,73.7,73.6,74.0,74.2,74.2,74.3,74.3,73.9,74.4,74.5,74.3,74.5,74.8,74.7,75.2,75.4,75.4,75.4,75.8,76.2,76.4,76.6,76.7,77.3,77.4,78.1,78.1,78.4,78.4,78.5,78.5,79.0,79.1,79.7,79.9,80.1,80.1,80.6,81.1,81.2,81.3,82.0,81.6,82.1,82.0,82.0
Czech Republic,CZE,"Life expectancy at birth, male (years)",67.5,67.6,66.9,67.3,67.4,67.1,67.2,67.0,66.5,65.9,66.1,66.2,66.8,66.5,66.8,67.0,67.0,67.1,67.2,67.3,66.8,67.2,67.3,67.1,67.3,67.5,67.5,67.9,68.1,68.1,67.5,68.2,68.5,69.3,69.5,69.7,70.3,70.4,71.1,71.4,71.7,72.1,72.1,72.0,72.6,72.9,73.5,73.7,74.0,74.2,74.4,74.8,75.1,75.2,75.8,75.7,76.1,76.1,76.1
Czech Republic,CZE,"Life expectancy at birth, total (years)",70.3,70.5,69.8,70.3,70.5,70.2,70.4,70.3,69.8,69.4,69.4,69.7,70.2,70.0,70.1,70.4,70.5,70.6,70.6,70.7,70.3,70.7,70.8,70.6,70.8,71.0,71.0,71.4,71.6,71.7,71.4,71.9,72.3,72.8,73.0,73.1,73.7,73.8,74.5,74.7,75.0,75.2,75.2,75.2,75.7,75.9,76.5,76.7,77.0,77.1,77.4,77.9,78.1,78.2,78.8,78.6,79.0,79.0,79.0
Denmark,DNK,"Life expectancy at birth, female (years)",74.0,74.4,74.4,74.5,74.8,74.7,74.8,75.4,75.6,75.7,75.9,76.2,76.2,76.5,76.8,77.0,76.7,77.7,77.4,77.4,77.2,77.4,77.7,77.6,77.6,77.5,77.5,77.8,77.6,77.8,77.7,78.0,78.0,77.8,78.1,77.8,78.3,78.5,78.7,78.8,79.0,79.2,79.2,79.5,79.9,80.2,80.4,80.5,80.7,80.8,81.2,81.9,82.1,82.4,82.8,82.7,82.8,83.1,83.4
Denmark,DNK,"Life expectancy at birth, male (years)",70.4,70.6,70.3,70.4,70.3,70.2,70.2,70.6,70.8,70.9,70.9,70.8,70.8,71.0,70.9,71.3,70.9,71.7,71.5,71.2,71.2,71.3,71.6,71.4,71.7,71.5,71.8,71.7,72.0,72.0,72.0,72.5,72.6,72.6,72.8,72.7,73.1,73.6,73.7,74.0,74.3,74.5,74.7,74.9,75.2,75.6,75.9,76.0,76.3,76.5,77.1,77.8,78.1,78.3,78.7,78.8,79.0,79.2,79.4
Denmark,DNK,"Life expectancy at birth, total (years)",72.2,72.4,72.3,72.4,72.5,72.4,72.4,72.9,73.1,73.2,73.3,73.4,73.4,73.7,73.8,74.1,73.7,74.6,74.4,74.2,74.1,74.2,74.6,74.4,74.6,74.4,74.6,74.7,74.8,74.8,74.8,75.2,75.2,75.1,75.4,75.2,75.6,75.9,76.1,76.3,76.6,76.8,76.9,77.1,77.5,77.8,78.1,78.2,78.4,78.6,79.1,79.8,80.1,80.3,80.7,80.7,80.9,81.1,81.4
Finland,FIN,"Life expectancy at birth, female (years)",72.4,72.2,72.2,72.7,73.0,72.9,73.2,73.6,73.6,73.6,74.4,74.3,75.0,75.7,75.6,76.1,76.3,77.0,77.4,77.6,77.9,78.1,78.6,78.4,78.8,78.5,78.8,78.7,78.7,78.9,78.9,79.3,79.4,79.5,80.2,80.2,80.5,80.5,80.8,81.0,81.0,81.5,81.5,81.8,82.3,82.3,82.8,82.9,83.0,83.1,83.2,83.8,83.7,84.1,84.1,84.4,84.4,84.5,84.6
Finland,FIN,"Life expectancy at birth, male (years)",65.4,65.6,65.1,65.5,65.7,65.3,66.0,65.9,65.9,65.6,66.2,65.9,66.6,67.0,66.9,67.4,67.5,68.0,68.6,69.0,69.2,69.6,70.2,70.2,70.5,70.1,70.6,70.7,70.7,70.9,70.9,71.3,71.7,72.1,72.8,72.8,73.0,73.4,73.5,73.7,74.1,74.6,74.9,75.1,75.3,75.5,75.8,75.8,76.3,76.5,76.7,77.3,77.7,78.0,78.4,78.7,78.6,78.9,79.2
Finland,FIN,"Life expectancy at birth, total (years)",68.8,68.8,68.6,69.0,69.2,69.0,69.5,69.7,69.6,69.5,70.2,70.0,70.7,71.2,71.1,71.7,71.8,72.4,72.9,73.2,73.4,73.7,74.3,74.2,74.5,74.2,74.6,74.6,74.6,74.8,74.8,75.2,75.5,75.7,76.4,76.4,76.7,76.9,77.1,77.3,77.5,78.0,78.1,78.4,78.7,78.8,79.2,79.3,79.6,79.7,79.9,80.5,80.6,81.0,81.2,81.5,81.4,81.6,81.8
Estonia,EST,"Life expectancy at birth, female (years)",72.0,72.5,72.9,73.2,73.5,73.7,73.9,74.1,74.2,74.3,74.4,74.4,74.5,74.4,74.4,74.4,74.3,74.3,74.2,74.2,74.2,74.1,74.3,74.6,74.4,74.4,74.9,75.1,75.0,74.7,74.7,74.7,74.6,73.8,72.8,74.1,75.4,75.7,75.3,75.8,76.0,76.2,77.0,76.9,77.8,78.1,78.3,78.5,79.2,80.1,80.5,81.3,81.5,81.7,81.9,82.2,82.2,82.6,83.0
Estonia,EST,"Life expectancy at birth, male (years)",64.0,64.4,64.8,65.1,65.3,65.5,65.6,65.7,65.7,65.7,65.7,65.6,65.4,65.2,65.0,64.8,64.5,64.3,64.1,64.0,63.9,64.1,64.2,64.4,64.4,64.6,65.5,66.4,66.6,65.6,64.5,64.3,63.4,62.3,60.5,61.3,64.1,64.2,63.7,64.6,65.1,64.6,65.1,66.0,66.3,67.3,67.4,67.4,68.6,69.8,70.6,71.4,71.4,72.8,72.4,73.2,73.3,73.8,74.3
Estonia,EST,"Life expectancy at birth, total (years)",67.9,68.4,68.7,69.1,69.3,69.5,69.7,69.8,69.9,69.9,69.9,69.9,69.8,69.7,69.6,69.4,69.3,69.1,69.0,68.9,68.9,69.0,69.1,69.4,69.3,69.4,70.1,70.6,70.7,70.0,69.5,69.4,68.9,67.9,66.5,67.5,69.6,69.8,69.4,70.1,70.4,70.3,70.9,71.3,71.9,72.6,72.7,72.8,73.8,74.8,75.4,76.2,76.3,77.1,77.0,77.6,77.6,78.1,78.5
France,FRA,"Life expectancy at birth, female (years)",73.3,73.6,73.9,74.1,74.3,74.5,74.7,74.9,75.1,75.3,75.5,75.8,76.0,76.3,76.6,76.9,77.2,77.5,77.7,78.0,78.2,78.5,78.7,79.0,79.2,79.5,79.8,80.0,80.3,80.6,80.8,81.1,81.3,81.5,81.9,81.9,82.0,82.3,82.6,82.7,83.0,83.0,83.0,82.7,83.8,83.8,84.5,84.8,84.8,85.0,85.3,85.7,85.4,85.6,86.1,85.6,85.7,85.6,85.6
France,FRA,"Life expectancy at birth, male (years)",66.6,66.8,66.9,67.1,67.2,67.3,67.4,67.6,67.7,67.8,68.0,68.2,68.4,68.6,68.8,69.0,69.2,69.4,69.7,69.9,70.1,70.3,70.5,70.8,71.0,71.3,71.6,71.8,72.1,72.3,72.6,72.8,73.1,73.3,73.6,73.8,74.1,74.5,74.8,75.0,75.3,75.5,75.7,75.7,76.7,76.7,77.3,77.6,77.8,78.0,78.2,78.7,78.7,79.0,79.5,79.2,79.5,79.6,79.6
France,FRA,"Life expectancy at birth, total (years)",69.9,70.1,70.3,70.5,70.7,70.8,71.0,71.2,71.3,71.5,71.7,71.9,72.1,72.4,72.6,72.9,73.1,73.4,73.6,73.9,74.1,74.3,74.5,74.8,75.0,75.3,75.6,75.8,76.1,76.3,76.6,76.8,77.1,77.3,77.6,77.8,78.0,78.3,78.6,78.8,79.1,79.2,79.3,79.1,80.2,80.2,80.8,81.1,81.2,81.4,81.7,82.1,82.0,82.2,82.7,82.3,82.5,82.5,82.5
Germany,DEU,"Life expectancy at birth, female (years)",72.0,72.2,72.5,72.7,72.9,73.0,73.2,73.3,73.5,73.6,73.7,73.9,74.0,74.2,74.4,74.6,74.9,75.2,75.4,75.7,76.0,76.3,76.5,76.8,77.1,77.3,77.6,77.8,78.1,78.3,78.6,78.7,79.2,79.2,79.6,79.7,79.9,80.3,80.6,80.8,81.0,81.3,81.2,81.3,81.6,81.8,82.0,82.3,82.4,82.5,82.6,83.1,83.1,83.0,83.6,83.1,83.5,83.4,83.4
Germany,DEU,"Life expectancy at birth, male (years)",66.8,66.9,67.1,67.2,67.3,67.4,67.5,67.6,67.6,67.7,67.7,67.8,67.9,68.0,68.1,68.3,68.5,68.8,69.0,69.3,69.5,69.8,70.1,70.4,70.6,70.9,71.2,71.4,71.7,71.9,72.1,72.1,72.6,72.7,73.1,73.3,73.6,74.0,74.5,74.8,75.0,75.5,75.4,75.6,75.9,76.2,76.4,76.9,77.2,77.3,77.5,77.9,78.1,78.1,78.7,78.3,78.6,78.7,78.7
Germany,DEU,"Life expectancy at birth, total (years)",69.3,69.5,69.7,69.9,70.0,70.2,70.3,70.4,70.5,70.6,70.6,70.7,70.9,71.0,71.2,71.4,71.6,71.9,72.1,72.4,72.7,73.0,73.2,73.5,73.8,74.1,74.3,74.6,74.8,75.0,75.2,75.3,75.8,75.9,76.3,76.4,76.7,77.1,77.5,77.7,77.9,78.3,78.2,78.4,78.7,78.9,79.1,79.5,79.7,79.8,80.0,80.4,80.5,80.5,81.1,80.6,81.0,81.0,81.0
Greece,GRC,"Life expectancy at birth, female (years)",70.5,70.9,71.3,71.6,71.9,72.1,72.4,72.6,72.9,73.2,73.6,73.9,74.3,74.6,74.9,75.1,75.4,75.7,76.0,76.4,76.8,77.2,77.6,77.9,78.2,78.4,78.7,78.9,79.1,79.3,79.5,79.8,80.2,79.9,80.2,80.3,80.4,80.8,80.4,80.6,80.5,81.0,81.1,81.3,81.6,81.8,82.0,82.0,82.5,82.8,83.0,83.6,83.4,84.0,84.1,83.7,84.0,83.9,83.9
Greece,GRC,"Life expectancy at birth, male (years)",65.9,66.3,66.6,66.9,67.1,67.3,67.4,67.6,67.8,68.1,68.3,68.6,68.9,69.2,69.4,69.6,69.8,70.0,70.2,70.4,70.7,70.9,71.2,71.4,71.6,71.9,72.2,72.5,72.9,74.2,74.5,74.6,74.7,75.0,75.2,75.0,75.1,75.6,75.4,75.5,75.4,75.9,76.3,76.5,76.6,76.8,77.0,77.0,77.5,77.7,77.9,78.0,78.0,78.7,78.8,78.5,78.9,78.8,78.8
Greece,GRC,"Life expectancy at birth, total (years)",68.2,68.5,68.9,69.2,69.4,69.6,69.8,70.1,70.3,70.6,70.9,71.2,71.5,71.8,72.1,72.3,72.5,72.8,73.0,73.3,73.6,74.0,74.3,74.6,74.8,75.1,75.3,75.6,75.9,76.7,76.9,77.1,77.4,77.4,77.6,77.6,77.7,78.1,77.8,78.0,77.9,78.4,78.6,78.8,79.0,79.2,79.4,79.4,79.9,80.2,80.4,80.7,80.6,81.3,81.4,81.0,81.4,81.3,81.3
Hungary,HUN,"Life expectancy at birth, female (years)",70.2,71.2,70.1,71.2,71.9,71.5,72.2,72.1,72.0,72.1,72.1,72.1,72.6,72.5,72.3,72.4,72.6,73.1,72.8,73.2,72.8,73.0,73.2,73.0,73.2,73.1,73.2,73.8,74.1,73.8,73.7,73.9,73.9,73.9,74.3,74.6,74.8,75.2,75.2,75.2,75.6,76.5,76.6,76.5,76.9,76.9,77.4,77.3,77.8,77.9,78.1,78.7,78.7,79.1,79.4,79.0,79.7,79.3,79.3
Hungary,HUN,"Life expectancy at birth, male (years)",65.9,66.8,65.7,66.6,67.0,66.7,67.5,66.9,66.6,66.7,66.4,66.2,66.9,66.6,66.4,66.3,66.7,66.8,66.2,66.2,65.5,65.5,65.7,65.1,65.1,65.1,65.3,65.7,66.2,65.3,65.1,65.1,64.6,64.6,64.9,65.3,66.1,66.4,66.2,66.4,67.1,68.2,68.3,68.3,68.6,68.6,69.0,69.2,69.8,70.1,70.5,71.2,71.6,72.2,72.3,72.3,72.6,72.5,72.5
Hungary,HUN,"Life expectancy at birth, total (years)",68.0,68.9,67.9,68.9,69.4,69.1,69.8,69.4,69.2,69.3,69.2,69.1,69.7,69.5,69.2,69.3,69.6,69.8,69.4,69.6,69.1,69.1,69.4,69.0,69.0,69.0,69.2,69.7,70.0,69.5,69.3,69.4,69.1,69.1,69.5,69.8,70.3,70.7,70.6,70.7,71.2,72.2,72.3,72.3,72.6,72.6,73.1,73.2,73.7,73.9,74.2,74.9,75.1,75.6,75.8,75.6,76.1,75.8,75.8
Iceland,ISL,"Life expectancy at birth, female (years)",75.8,76.3,76.2,76.1,76.4,76.4,76.4,76.6,76.5,76.5,77.3,76.5,76.9,77.6,78.0,79.0,80.2,79.6,79.6,80.0,80.4,79.8,79.7,80.6,80.5,80.4,80.7,79.9,79.9,80.2,80.7,81.3,80.9,80.8,81.5,80.1,81.2,81.6,81.6,81.4,81.6,83.2,82.5,82.5,83.2,83.5,82.9,83.4,83.3,83.8,84.1,84.1,84.3,83.7,84.5,83.8,84.1,84.3,84.3
Iceland,ISL,"Life expectancy at birth, male (years)",71.2,70.8,71.4,70.2,70.8,71.4,70.3,71.1,71.6,71.2,70.7,70.8,72.1,71.5,71.2,72.3,73.9,73.3,73.8,73.7,73.5,73.4,74.6,73.3,74.8,74.9,75.4,74.9,74.4,76.2,75.5,74.9,76.8,77.1,77.1,76.0,76.5,76.3,77.7,77.4,77.8,78.3,78.6,79.5,78.9,79.6,79.5,79.6,80.0,79.8,79.8,80.7,81.6,80.5,81.3,81.2,80.4,81.1,81.1
Iceland,ISL,"Life expectancy at birth, total (years)",73.4,73.5,73.7,73.0,73.5,73.9,73.3,73.8,74.0,73.8,73.9,73.6,74.5,74.5,74.5,75.6,77.0,76.4,76.6,76.8,76.8,76.5,77.0,76.8,77.6,77.6,78.0,77.3,77.1,78.1,78.0,78.0,78.8,78.9,79.2,78.0,78.8,78.9,79.6,79.4,79.7,80.7,80.5,81.0,81.0,81.5,81.2,81.5,81.6,81.8,81.9,82.4,82.9,82.1,82.9,82.5,82.2,82.7,82.7
Ireland,IRL,"Life expectancy at birth, female (years)",71.7,71.9,72.1,72.3,72.5,72.7,72.8,73.0,73.2,73.3,73.5,73.6,73.8,73.9,74.1,74.3,74.5,74.7,75.0,75.2,75.5,75.7,76.0,76.2,76.5,76.7,76.9,77.1,77.3,77.5,77.7,77.9,78.1,78.2,78.3,78.5,78.7,78.7,79.1,78.9,79.2,79.9,80.4,80.7,81.1,81.3,81.7,82.1,82.4,82.7,83.1,83.0,83.1,83.1,83.5,83.4,83.6,84.0,84.4
Ireland,IRL,"Life expectancy at birth, male (years)",68.0,68.1,68.2,68.3,68.4,68.5,68.5,68.6,68.6,68.7,68.7,68.8,68.8,68.9,69.0,69.1,69.2,69.3,69.5,69.7,69.9,70.1,70.3,70.5,70.8,71.0,71.2,71.4,71.6,71.8,72.1,72.3,72.4,72.6,72.7,72.9,73.1,73.4,73.4,73.4,74.0,74.5,75.0,75.7,76.1,76.7,76.9,77.3,77.9,77.8,78.5,78.6,78.7,78.9,79.3,79.6,79.9,80.4,80.9
Ireland,IRL,"Life expectancy at birth, total (years)",69.8,70.0,70.1,70.3,70.4,70.5,70.6,70.7,70.8,70.9,71.0,71.1,71.2,71.3,71.5,71.6,71.8,72.0,72.2,72.4,72.6,72.9,73.1,73.3,73.5,73.7,74.0,74.2,74.4,74.6,74.8,75.0,75.2,75.3,75.5,75.6,75.8,76.0,76.2,76.1,76.5,77.1,77.6,78.1,78.5,78.9,79.2,79.6,80.1,80.2,80.7,80.7,80.8,80.9,81.3,81.5,81.7,82.2,82.6
Italy,ITA,"Life expectancy at birth, female (years)",71.7,72.5,71.9,72.1,73.2,73.0,73.8,73.8,73.7,73.9,74.6,74.9,75.2,75.1,75.9,75.9,76.3,76.7,77.1,77.5,77.4,77.8,78.2,78.0,78.8,78.8,79.1,79.6,79.7,80.2,80.3,80.4,80.8,81.0,81.2,81.5,81.8,82.0,82.1,82.6,82.8,83.2,83.2,82.8,83.7,83.6,84.1,84.2,84.2,84.3,84.7,84.8,84.8,85.2,85.6,84.9,85.6,85.2,85.2
Italy,ITA,"Life expectancy at birth, male (years)",66.7,67.2,66.5,66.6,67.6,67.4,68.2,68.2,68.0,67.9,68.7,68.9,69.1,69.1,69.7,69.5,69.9,70.2,70.4,70.7,70.7,71.1,71.6,71.5,72.2,72.3,72.6,73.0,73.2,73.6,73.8,73.8,74.2,74.6,74.8,75.0,75.4,75.8,76.0,76.4,76.9,77.2,77.4,77.3,78.0,78.1,78.6,78.8,78.9,79.1,79.5,79.7,79.8,80.3,80.7,80.3,81.0,80.8,80.8
Italy,ITA,"Life expectancy at birth, total (years)",69.1,69.8,69.1,69.2,70.3,70.2,70.9,71.0,70.8,70.8,71.6,71.8,72.1,72.0,72.7,72.6,73.0,73.4,73.7,74.0,73.9,74.4,74.8,74.6,75.4,75.5,75.8,76.2,76.4,76.8,77.0,77.0,77.4,77.7,77.9,78.2,78.5,78.8,79.0,79.4,79.8,80.1,80.2,80.0,80.8,80.8,81.3,81.4,81.5,81.6,82.0,82.2,82.2,82.7,83.1,82.5,83.2,82.9,82.9
Latvia,LVA,"Life expectancy at birth, female (years)",73.5,73.9,73.2,73.7,74.9,74.9,74.6,74.2,74.5,74.6,74.2,74.8,74.8,74.5,74.7,74.2,74.4,74.2,74.1,73.7,74.1,74.4,74.7,74.6,74.5,74.1,75.1,75.2,75.2,75.2,74.6,74.6,74.4,73.3,72.6,73.1,74.8,75.1,74.8,75.3,76.0,76.6,76.8,76.9,77.2,77.4,76.5,76.5,77.9,78.1,78.4,78.8,78.9,78.9,79.4,79.5,79.6,79.7,79.8
Latvia,LVA,"Life expectancy at birth, male (years)",66.3,66.3,65.9,66.2,67.4,66.8,67.0,66.8,65.8,65.3,65.7,65.8,65.2,65.4,65.0,63.9,64.0,64.3,64.1,63.5,63.8,63.4,64.3,63.9,64.1,64.8,66.3,66.4,66.2,65.4,64.2,63.7,62.6,60.4,59.0,60.0,63.0,63.9,63.5,64.5,64.9,65.2,65.4,65.9,67.1,65.6,65.5,65.8,67.2,68.3,68.8,68.6,68.9,69.3,69.1,69.7,69.8,69.8,69.8
Latvia,LVA,"Life expectancy at birth, total (years)",69.8,70.0,69.4,69.8,71.0,70.7,70.7,70.4,70.0,69.8,69.8,70.2,69.9,69.8,69.7,68.9,69.0,69.1,69.0,68.5,68.8,68.8,69.3,69.1,69.2,69.3,70.6,70.7,70.6,70.2,69.3,69.0,68.4,66.7,65.7,66.4,68.8,69.3,69.0,69.7,70.3,70.8,71.0,71.3,72.0,71.4,70.9,71.0,72.4,73.1,73.5,73.6,73.8,74.0,74.1,74.5,74.6,74.6,74.7
Lithuania,LTU,"Life expectancy at birth, female (years)",72.9,73.6,72.4,73.8,74.9,74.7,75.1,75.4,75.2,75.0,75.0,76.1,75.5,75.7,75.7,75.6,75.9,75.7,75.5,75.6,75.6,75.7,76.0,75.9,75.6,75.5,76.5,76.4,76.3,76.2,76.2,75.9,75.9,75.0,74.8,75.0,75.9,76.6,76.7,77.0,77.5,77.6,77.6,77.9,77.8,77.4,77.1,77.2,77.6,78.6,78.8,79.3,79.6,79.6,80.1,79.7,80.1,80.5,80.9
Lithuania,LTU,"Life expectancy at birth, male (years)",66.9,66.8,65.9,66.8,68.3,68.1,68.1,68.0,67.7,67.1,66.8,67.6,66.8,67.2,67.0,66.4,66.3,66.2,66.0,65.6,65.6,65.5,65.9,65.9,65.3,65.8,67.9,67.7,67.5,66.8,66.4,65.1,64.8,63.1,62.5,63.3,64.6,65.5,66.0,66.4,66.8,66.0,66.2,66.5,66.4,65.4,65.3,64.9,66.3,67.5,68.0,68.1,68.4,68.5,69.2,69.2,69.5,70.7,71.9
Lithuania,LTU,"Life expectancy at birth, total (years)",69.8,70.1,69.1,70.2,71.5,71.3,71.5,71.6,71.3,70.9,70.8,71.7,71.0,71.3,71.2,70.9,71.0,70.8,70.6,70.5,70.5,70.5,70.8,70.8,70.3,70.5,72.1,71.9,71.8,71.4,71.2,70.4,70.2,68.9,68.5,69.0,70.1,70.9,71.2,71.6,72.0,71.7,71.8,72.1,72.0,71.3,71.1,70.9,71.8,72.9,73.3,73.6,73.9,73.9,74.5,74.3,74.7,75.5,76.3
Luxembourg,LUX,"Life expectancy at birth, female (years)",71.7,72.0,72.3,72.5,72.7,72.9,73.1,73.2,73.3,73.4,73.5,73.6,73.8,74.0,74.2,74.5,74.8,75.0,75.3,75.5,75.8,76.0,76.3,76.6,77.0,77.3,77.6,78.0,78.2,78.5,78.7,79.1,79.1,79.4,79.7,80.2,79.9,79.8,80.5,81.1,81.1,81.0,81.5,80.8,82.4,82.3,81.9,82.2,83.1,83.3,83.5,83.6,83.8,83.9,85.2,84.7,85.4,84.4,84.4
Luxembourg,LUX,"Life expectancy at birth, male (years)",65.4,65.6,65.9,66.1,66.2,66.4,66.5,66.5,66.6,66.6,66.6,66.7,66.8,66.9,67.0,67.2,67.4,67.7,67.9,68.2,68.5,68.8,69.2,69.5,69.7,70.0,70.3,70.6,70.9,71.2,71.5,72.0,72.6,72.2,73.2,73.0,73.3,74.1,73.7,74.6,74.8,74.8,74.6,74.8,76.0,76.7,76.8,76.7,78.1,78.1,77.9,78.5,79.1,79.8,79.4,80.0,80.1,79.9,79.9
Luxembourg,LUX,"Life expectancy at birth, total (years)",68.4,68.7,69.0,69.2,69.4,69.6,69.7,69.8,69.8,69.9,70.0,70.1,70.2,70.4,70.5,70.8,71.0,71.3,71.5,71.8,72.1,72.4,72.7,73.0,73.3,73.6,73.9,74.2,74.5,74.8,75.0,75.5,75.8,75.7,76.4,76.5,76.5,76.9,77.0,77.8,77.9,77.8,78.0,77.7,79.1,79.4,79.3,79.4,80.5,80.6,80.6,81.0,81.4,81.8,82.2,82.3,82.7,82.1,82.1
Netherlands,NLD,"Life expectancy at birth, female (years)",75.4,75.9,75.7,75.8,76.3,76.1,76.1,76.6,76.4,76.3,76.5,76.8,76.8,77.1,77.6,77.7,77.9,78.5,78.5,78.9,79.2,79.3,79.4,79.6,79.7,79.7,79.6,80.1,80.2,79.9,80.1,80.2,80.3,80.0,80.3,80.4,80.4,80.6,80.7,80.5,80.6,80.7,80.7,80.9,81.4,81.6,81.9,82.3,82.3,82.7,82.7,83.1,83.0,83.2,83.5,83.2,83.2,83.4,83.4
Netherlands,NLD,"Life expectancy at birth, male (years)",71.5,71.6,71.1,71.0,71.3,71.1,71.0,71.2,70.9,70.9,70.8,71.0,70.8,71.3,71.6,71.5,71.5,72.1,72.0,72.5,72.5,72.7,72.7,72.9,73.0,73.1,73.1,73.5,73.7,73.7,73.8,74.0,74.3,74.0,74.6,74.6,74.7,75.2,75.2,75.3,75.5,75.8,76.0,76.2,76.9,77.2,77.6,78.0,78.3,78.5,78.8,79.4,79.3,79.5,80.0,79.9,80.0,80.2,80.2
Netherlands,NLD,"Life expectancy at birth, total (years)",73.4,73.7,73.3,73.3,73.7,73.6,73.5,73.8,73.6,73.5,73.6,73.8,73.7,74.1,74.5,74.5,74.6,75.2,75.1,75.6,75.7,75.9,76.0,76.2,76.2,76.3,76.3,76.7,76.9,76.7,76.9,77.0,77.2,76.9,77.4,77.4,77.4,77.8,77.9,77.8,78.0,78.2,78.3,78.5,79.1,79.3,79.7,80.1,80.3,80.5,80.7,81.2,81.1,81.3,81.7,81.5,81.6,81.8,81.8
Norway,NOR,"Life expectancy at birth, female (years)",75.9,76.1,76.1,75.5,76.1,76.5,76.7,76.9,76.8,76.7,77.3,77.4,77.5,77.7,78.0,78.1,78.2,78.7,78.6,78.8,79.2,79.3,79.5,79.6,79.6,79.4,79.8,79.6,79.6,79.8,79.8,80.1,80.4,80.2,80.6,80.8,81.1,81.0,81.3,81.1,81.4,81.5,81.6,81.9,82.3,82.5,82.7,82.7,83.0,83.1,83.2,83.6,83.5,83.8,84.2,84.2,84.2,84.3,84.4
Norway,NOR,"Life expectancy at birth, male (years)",71.3,71.2,71.0,70.8,71.2,71.1,71.4,71.3,71.2,70.8,71.0,71.2,71.3,71.3,71.7,71.7,72.0,72.3,72.4,72.2,72.3,72.6,72.7,72.7,73.0,72.6,72.9,72.8,73.0,73.3,73.4,74.0,74.2,74.2,74.9,74.8,75.4,75.5,75.5,75.6,76.0,76.2,76.5,77.0,77.5,77.7,78.1,78.2,78.3,78.6,78.9,79.1,79.5,79.8,80.1,80.5,80.7,81.0,81.3
Norway,NOR,"Life expectancy at birth, total (years)",73.5,73.6,73.4,73.1,73.6,73.7,74.0,74.1,73.9,73.7,74.1,74.2,74.3,74.4,74.8,74.8,75.0,75.4,75.4,75.4,75.7,75.9,76.0,76.1,76.2,75.9,76.2,76.1,76.2,76.5,76.5,77.0,77.2,77.2,77.7,77.7,78.2,78.1,78.3,78.3,78.6,78.8,79.0,79.4,79.8,80.0,80.3,80.4,80.6,80.8,81.0,81.3,81.5,81.8,82.1,82.3,82.4,82.6,82.8
Poland,POL,"Life expectancy at birth, female (years)",70.6,70.8,70.5,71.5,71.6,72.4,72.9,72.6,73.6,73.1,73.3,73.3,74.2,74.3,74.6,74.3,74.6,74.5,74.5,74.9,74.4,75.2,75.2,75.2,75.0,74.8,75.1,75.2,75.7,75.5,75.5,75.3,75.7,76.0,76.1,76.4,76.6,77.0,77.3,77.5,78.0,78.4,78.8,78.9,79.2,79.4,79.6,79.7,80.0,80.1,80.6,81.1,81.1,81.2,81.7,81.6,82.0,81.8,81.8
Poland,POL,"Life expectancy at birth, male (years)",64.9,64.9,64.5,65.4,65.8,66.6,66.9,66.4,67.0,66.5,66.6,66.1,67.3,67.2,67.8,67.0,66.9,66.5,66.4,66.8,66.0,67.1,67.2,67.0,66.8,66.5,66.8,66.8,67.2,66.8,66.5,66.1,66.7,67.4,67.5,67.6,68.1,68.5,68.9,68.8,69.7,70.2,70.4,70.5,70.7,70.8,70.9,71.0,71.3,71.5,72.1,72.5,72.6,73.0,73.7,73.5,73.9,73.9,73.9
Poland,POL,"Life expectancy at birth, total (years)",67.7,67.8,67.4,68.4,68.6,69.4,69.8,69.4,70.2,69.7,69.9,69.6,70.7,70.7,71.1,70.6,70.7,70.4,70.4,70.8,70.1,71.1,71.1,71.0,70.8,70.5,70.8,70.9,71.3,71.0,70.9,70.6,71.1,71.6,71.7,71.9,72.2,72.6,73.0,73.0,73.7,74.2,74.5,74.6,74.8,75.0,75.1,75.2,75.5,75.7,76.2,76.7,76.7,77.0,77.6,77.5,77.9,77.8,77.8
Portugal,PRT,"Life expectancy at birth, female (years)",66.2,66.6,67.1,67.5,68.0,68.4,68.8,69.3,69.7,70.1,70.3,70.1,71.5,70.7,71.4,72.1,72.6,73.7,73.8,74.6,74.8,75.2,76.0,75.8,76.1,76.4,76.8,77.2,77.3,77.8,77.5,77.6,78.0,78.2,78.5,79.0,79.0,79.1,79.4,79.6,79.9,80.4,80.6,80.6,81.0,81.4,81.8,81.6,81.7,81.8,82.1,83.8,83.6,84.0,84.4,84.3,84.3,84.6,84.9
Portugal,PRT,"Life expectancy at birth, male (years)",60.5,60.9,61.3,61.6,62.0,62.3,62.6,63.0,63.3,63.7,64.0,63.6,65.3,64.5,64.8,64.7,65.3,66.5,67.0,67.9,67.8,68.2,69.0,68.9,69.1,69.4,69.9,70.3,70.3,70.9,70.6,70.6,70.8,71.0,71.5,71.8,71.7,71.9,72.2,72.5,72.9,73.4,73.7,74.0,74.5,74.9,75.2,75.2,75.5,75.8,76.1,77.3,77.3,77.6,78.0,78.1,78.1,78.4,78.7
Portugal,PRT,"Life expectancy at birth, total (years)",63.3,63.7,64.1,64.5,64.9,65.3,65.7,66.0,66.4,66.8,67.1,66.8,68.3,67.5,68.0,68.3,68.9,70.0,70.3,71.2,71.2,71.6,72.4,72.3,72.5,72.8,73.3,73.7,73.7,74.3,74.0,74.0,74.3,74.5,74.9,75.3,75.3,75.4,75.7,76.0,76.3,76.8,77.1,77.2,77.7,78.1,78.4,78.3,78.5,78.7,79.0,80.5,80.4,80.7,81.1,81.1,81.1,81.4,81.7
Slovak Republic,SVK,"Life expectancy at birth, female (years)",72.2,72.6,72.9,73.1,73.2,73.3,73.3,73.3,73.3,73.3,73.4,73.4,73.5,73.6,73.7,73.9,74.0,74.1,74.3,74.4,74.3,74.7,74.7,74.5,74.9,74.7,74.8,75.1,75.5,75.4,75.4,75.2,76.2,76.7,76.5,76.3,76.7,76.7,76.7,77.0,77.2,77.5,77.6,77.6,77.8,77.9,78.2,78.1,78.7,78.7,78.8,79.8,79.9,80.1,80.5,80.2,80.7,80.7,80.7
Slovak Republic,SVK,"Life expectancy at birth, male (years)",67.8,68.0,68.2,68.2,68.2,68.1,67.9,67.7,67.4,67.2,67.1,66.9,66.9,66.8,66.8,66.8,66.8,66.8,66.9,66.9,66.8,66.8,66.9,66.6,66.8,66.9,67.5,67.2,67.1,66.9,66.6,66.8,67.6,68.4,68.3,68.4,68.8,68.9,68.6,69.0,69.1,69.5,69.8,69.8,70.3,70.1,70.4,70.5,70.9,71.3,71.6,72.3,72.5,72.9,73.3,73.1,73.8,73.8,73.8
Slovak Republic,SVK,"Life expectancy at birth, total (years)",69.9,70.3,70.5,70.6,70.6,70.6,70.5,70.4,70.3,70.2,70.1,70.1,70.1,70.1,70.2,70.2,70.3,70.4,70.5,70.5,70.4,70.6,70.7,70.5,70.8,70.7,71.0,71.1,71.2,71.0,70.9,70.9,71.8,72.4,72.3,72.3,72.7,72.7,72.6,72.9,73.1,73.4,73.6,73.6,74.0,73.9,74.2,74.2,74.7,74.9,75.1,76.0,76.1,76.4,76.8,76.6,77.2,77.2,77.2
Slovenia,SVN,"Life expectancy at birth, female (years)",72.0,72.0,72.0,71.9,72.3,71.9,72.7,72.9,72.4,72.1,72.4,72.7,72.9,73.4,73.9,74.2,74.2,74.5,74.8,74.9,75.1,75.2,75.1,75.1,75.0,75.5,75.9,76.1,76.8,76.7,77.2,77.4,77.3,77.3,77.4,77.8,78.3,78.6,78.7,78.8,79.1,79.6,79.9,80.7,81.1,81.3,81.8,82.3,82.3,82.3,82.7,83.3,83.3,83.6,84.1,83.9,84.3,84.0,84.0
Slovenia,SVN,"Life expectancy at birth, male (years)",66.1,66.1,66.1,65.5,65.2,65.0,65.5,66.0,65.6,64.8,65.0,65.2,65.4,65.6,66.6,66.7,66.6,66.8,66.8,67.0,67.3,67.4,67.2,66.2,67.0,67.4,67.9,68.1,68.3,68.9,69.4,69.5,69.5,69.4,69.6,70.3,70.8,71.0,71.1,71.4,71.9,72.1,72.3,73.2,73.5,74.1,74.6,75.0,75.4,75.8,76.3,76.8,77.1,77.2,78.2,77.8,78.2,78.2,78.2
Slovenia,SVN,"Life expectancy at birth, total (years)",69.0,69.0,69.0,68.6,68.7,68.4,69.0,69.4,68.9,68.4,68.6,68.8,69.1,69.4,70.2,70.4,70.3,70.6,70.7,70.9,71.1,71.2,71.1,70.5,70.9,71.4,71.8,72.0,72.4,72.7,73.2,73.4,73.3,73.3,73.4,74.0,74.5,74.7,74.8,75.0,75.4,75.8,76.0,76.9,77.2,77.6,78.1,78.6,78.8,79.0,79.4,80.0,80.1,80.3,81.1,80.8,81.2,81.0,81.0
Spain,ESP,"Life expectancy at birth, female (years)",71.7,72.0,72.1,72.4,73.1,73.6,73.8,74.1,74.4,73.9,74.9,74.6,75.6,75.5,75.9,76.3,76.7,77.2,77.4,78.0,78.5,78.7,79.3,79.1,79.6,79.6,79.9,80.2,80.2,80.4,80.5,80.7,81.2,81.3,81.6,81.7,81.9,82.2,82.2,82.2,82.5,82.8,83.0,83.0,83.2,83.5,84.1,84.1,84.3,84.6,84.7,85.6,85.5,86.1,86.2,85.7,86.3,86.1,86.1
Spain,ESP,"Life expectancy at birth, male (years)",66.7,67.1,67.1,67.1,67.8,68.2,68.5,68.6,68.9,68.4,69.3,68.8,70.1,69.8,70.2,70.5,70.8,71.2,71.3,71.8,72.3,72.5,73.1,72.9,73.1,73.0,73.3,73.5,73.4,73.4,73.3,73.4,73.8,74.0,74.4,74.4,74.5,75.2,75.3,75.4,75.6,76.1,76.3,76.4,76.7,77.0,77.7,77.8,78.2,78.5,78.7,79.5,79.5,80.2,80.4,80.1,80.5,80.6,80.7
Spain,ESP,"Life expectancy at birth, total (years)",69.1,69.5,69.5,69.7,70.4,70.8,71.1,71.3,71.5,71.1,72.0,71.6,72.8,72.6,73.0,73.3,73.6,74.1,74.3,74.8,75.3,75.5,76.1,75.9,76.3,76.3,76.5,76.7,76.7,76.8,76.8,77.0,77.4,77.5,77.9,78.0,78.1,78.6,78.7,78.7,79.0,79.4,79.6,79.6,79.9,80.2,80.8,80.9,81.2,81.5,81.6,82.5,82.4,83.1,83.2,82.8,83.3,83.3,83.3
Sweden,SWE,"Life expectancy at birth, female (years)",74.9,75.4,75.4,75.6,75.9,76.1,76.5,76.5,76.4,76.6,77.2,77.4,77.5,77.7,77.9,77.9,77.9,78.5,78.7,78.7,78.9,79.1,79.4,79.6,79.9,79.7,80.0,80.2,80.0,80.8,80.4,80.5,80.8,80.8,81.4,81.5,81.5,81.8,81.9,81.9,82.0,82.1,82.1,82.4,82.7,82.8,82.9,83.0,83.2,83.4,83.5,83.8,83.6,83.8,84.2,84.1,84.1,84.1,84.1
Sweden,SWE,"Life expectancy at birth, male (years)",71.2,71.7,71.4,71.6,71.7,71.7,71.8,71.8,71.7,71.7,72.2,72.0,72.0,72.2,72.2,72.2,72.1,72.4,72.4,72.5,72.8,73.1,73.4,73.6,73.9,73.8,74.0,74.2,74.2,74.8,74.8,74.9,75.4,75.5,76.1,76.2,76.5,76.7,76.9,77.1,77.4,77.6,77.7,77.9,78.4,78.4,78.7,78.9,79.1,79.4,79.5,79.9,79.9,80.2,80.4,80.4,80.6,80.8,81.0
Sweden,SWE,"Life expectancy at birth, total (years)",73.0,73.5,73.4,73.6,73.7,73.9,74.1,74.1,74.0,74.1,74.6,74.6,74.7,74.9,75.0,75.0,75.0,75.4,75.5,75.5,75.7,76.0,76.3,76.6,76.8,76.7,76.9,77.1,77.0,77.7,77.5,77.7,78.0,78.1,78.7,78.7,79.0,79.2,79.3,79.4,79.6,79.8,79.8,80.1,80.5,80.5,80.7,80.9,81.1,81.4,81.5,81.8,81.7,82.0,82.3,82.2,82.3,82.4,82.5
Switzerland,CHE,"Life expectancy at birth, female (years)",74.1,74.6,74.1,74.2,75.1,75.1,75.3,75.7,75.5,75.7,76.2,76.3,76.8,77.1,77.6,78.0,78.1,78.7,78.7,78.8,78.9,79.1,79.4,79.6,80.0,80.2,80.3,80.7,80.7,80.9,80.7,81.1,81.3,81.4,81.7,81.7,82.0,82.0,82.5,82.5,82.6,83.1,83.1,83.2,83.7,83.9,84.0,84.2,84.4,84.4,84.5,85.0,84.9,85.0,85.4,85.1,85.6,85.6,85.6
Switzerland,CHE,"Life expectancy at birth, male (years)",68.7,68.8,68.4,68.3,69.2,69.5,69.6,69.7,69.8,69.7,70.0,70.2,70.6,71.0,71.2,71.5,71.6,72.0,71.9,72.3,72.2,72.4,72.8,72.7,73.4,73.5,73.7,73.9,73.9,74.1,73.9,74.1,74.5,74.9,75.2,75.3,75.9,76.3,76.3,76.8,76.9,77.4,77.8,78.0,78.6,78.7,79.1,79.4,79.7,79.8,80.1,80.5,80.6,80.7,81.1,80.8,81.7,81.6,81.6
Switzerland,CHE,"Life expectancy at birth, total (years)",71.3,71.6,71.2,71.2,72.1,72.2,72.3,72.6,72.6,72.6,73.0,73.1,73.6,73.9,74.3,74.7,74.8,75.2,75.2,75.5,75.5,75.7,76.0,76.0,76.6,76.7,76.9,77.2,77.2,77.4,77.2,77.5,77.8,78.1,78.4,78.4,78.9,79.1,79.3,79.6,79.7,80.2,80.4,80.5,81.1,81.2,81.5,81.7,82.0,82.0,82.2,82.7,82.7,82.8,83.2,82.9,83.6,83.6,83.6
United States,USA,"Life expectancy at birth, female (years)",73.1,73.6,73.5,73.4,73.7,73.8,73.9,74.3,74.1,74.4,74.7,75.0,75.1,75.3,75.9,76.6,76.8,77.2,77.3,77.8,77.4,77.8,78.1,78.1,78.2,78.2,78.2,78.3,78.3,78.5,78.8,78.9,79.1,78.8,79.0,78.9,79.1,79.4,79.5,79.4,79.3,79.5,79.6,79.7,80.1,80.1,80.3,80.6,80.6,80.9,81.0,81.1,81.2,81.2,81.3,81.2,81.1,81.1,81.1
United States,USA,"Life expectancy at birth, male (years)",66.6,67.1,66.9,66.6,66.8,66.8,66.7,67.0,66.0,66.8,67.1,67.4,67.4,67.6,68.2,68.8,69.1,69.5,69.6,70.0,70.0,70.4,70.8,71.0,71.1,71.1,71.2,71.4,71.4,71.7,71.8,72.0,72.3,72.2,72.4,72.5,73.1,73.6,73.8,73.9,74.1,74.3,74.4,74.5,75.0,75.0,75.2,75.5,75.6,76.0,76.2,76.3,76.4,76.4,76.5,76.3,76.1,76.1,76.1
United States,USA,"Life expectancy at birth, total (years)",69.8,70.3,70.1,69.9,70.2,70.2,70.2,70.6,70.0,70.5,70.8,71.1,71.2,71.4,72.0,72.6,72.9,73.3,73.4,73.8,73.6,74.0,74.4,74.5,74.6,74.6,74.6,74.8,74.8,75.0,75.2,75.4,75.6,75.4,75.6,75.6,76.0,76.4,76.6,76.6,76.6,76.8,76.9,77.0,77.5,77.5,77.7,78.0,78.0,78.4,78.5,78.6,78.7,78.7,78.8,78.7,78.5,78.5,78.5
United Kingdom,GBR,"Life expectancy at birth, female (years)",74.2,73.9,74.0,73.9,74.8,74.8,74.8,75.3,74.9,75.0,75.2,75.5,75.3,75.5,75.7,75.9,75.9,76.4,76.3,76.4,76.8,77.1,77.2,77.4,77.8,77.6,77.9,78.2,78.3,78.4,78.8,78.9,79.2,79.1,79.6,79.5,79.7,79.9,79.7,79.9,80.2,80.4,80.5,80.7,81.0,81.2,81.4,81.6,81.7,82.1,82.4,83.0,82.8,82.9,83.2,82.8,83.0,83.1,83.2
United Kingdom,GBR,"Life expectancy at birth, male (years)",68.2,68.0,68.0,67.9,68.6,68.6,68.5,69.1,68.7,68.6,68.9,69.2,69.1,69.3,69.5,69.7,69.8,70.2,70.2,70.3,70.7,71.1,71.3,71.5,71.9,71.8,72.1,72.5,72.6,72.9,73.1,73.4,73.8,73.8,74.3,74.3,74.6,74.7,74.8,75.0,75.4,75.7,75.9,76.3,76.6,77.0,77.2,77.4,77.6,78.1,78.5,79.0,79.1,79.2,79.5,79.2,79.4,79.5,79.6
United Kingdom,GBR,"Life expectancy at birth, total (years)",71.1,70.9,70.9,70.8,71.6,71.6,71.6,72.1,71.7,71.7,72.0,72.3,72.1,72.3,72.5,72.7,72.8,73.2,73.2,73.3,73.7,74.0,74.2,74.4,74.8,74.6,74.9,75.3,75.4,75.6,75.9,76.1,76.4,76.4,76.9,76.8,77.1,77.2,77.2,77.4,77.7,78.0,78.1,78.4,78.7,79.0,79.2,79.4,79.6,80.1,80.4,81.0,80.9,81.0,81.3,81.0,81.2,81.3,81.4
OECD members,OED,"Life expectancy at birth, female (years)",70.4,70.8,70.8,71.1,71.5,71.7,72.0,72.2,72.3,72.5,72.8,73.1,73.4,73.6,74.0,74.4,74.7,75.1,75.3,75.7,75.8,76.2,76.5,76.6,76.9,77.1,77.3,77.6,77.7,78.0,78.2,78.4,78.6,78.7,79.0,79.1,79.4,79.7,79.8,79.9,80.2,80.5,80.6,80.7,81.1,81.2,81.5,81.7,81.8,82.0,82.2,82.4,82.4,82.6,82.8,82.7,82.8,82.9,..
OECD members,OED,"Life expectancy at birth, male (years)",64.6,65.0,65.0,65.1,65.5,65.6,65.8,66.0,65.8,66.1,66.4,66.6,66.9,67.1,67.5,67.9,68.1,68.4,68.6,68.8,68.9,69.3,69.6,69.8,70.0,70.2,70.5,70.8,70.9,71.2,71.4,71.5,71.8,72.0,72.3,72.4,72.9,73.3,73.5,73.7,74.1,74.4,74.6,74.8,75.2,75.3,75.6,75.9,76.1,76.3,76.5,76.8,76.9,77.1,77.4,77.3,77.5,77.5,..
OECD members,OED,"Life expectancy at birth, total (years)",67.4,67.8,67.8,68.0,68.4,68.6,68.8,69.0,69.0,69.2,69.5,69.8,70.1,70.3,70.7,71.0,71.3,71.7,71.9,72.2,72.3,72.6,73.0,73.1,73.4,73.5,73.8,74.1,74.2,74.5,74.7,74.9,75.2,75.3,75.6,75.7,76.0,76.4,76.6,76.8,77.1,77.4,77.5,77.7,78.1,78.2,78.5,78.7,78.9,79.1,79.3,79.5,79.6,79.8,80.0,79.9,80.1,80.1,..